Hospital_Name,Last_updated_on,Version,Hospital_Location,Hospital_Address,License_Number|DE,"To the best of its knowledge and belief, the hospital has included all applicable standard charge information in accordance with the requirements of 45 CFR 180.50, and the information encoded is true, accurate, and complete as of the date indicated.",,,,,,,,,,,,,,,,,,,,,,,,,,,,,,,,,,,,,,,,,,,,,,,,,,,,,,,,,,,,,,,,,,,,,,,,,,,,,,,,,,,,,,,,,,,,,,,,,,,,,,,,,,,,,,,,,,,,,,,,,,,,,,,,,,,,,,,,,,,,,,,,,,,,,,,,,,,,,,,,,,,,,,,,,,,,,,,,,,,,,,,,,,,,,,,,,,,,,,,,,,,,,,,,,,,,,,,,,,,,,,,,,,,,,,,,,,,,,,,,,
Bayhealth Emergency Physicians,6/28/2024,csv_wide,Bayhealth Hospital Kent Campus|Bayhealth Hospital Sussex Campus|Bayhealth Emergency Smyrna|Bayhealth Total Care|,"640 South State Street, Dover, DE 19901|100 Wellness Way, Milford, DE 19968|401 North Carter Road, Smyrna, DE 19977|18383 Hudson Road, Milton, DE 19968|",HSPTL005,TRUE,,,,,,,,,,,,,,,,,,,,,,,,,,,,,,,,,,,,,,,,,,,,,,,,,,,,,,,,,,,,,,,,,,,,,,,,,,,,,,,,,,,,,,,,,,,,,,,,,,,,,,,,,,,,,,,,,,,,,,,,,,,,,,,,,,,,,,,,,,,,,,,,,,,,,,,,,,,,,,,,,,,,,,,,,,,,,,,,,,,,,,,,,,,,,,,,,,,,,,,,,,,,,,,,,,,,,,,,,,,,,,,,,,,,,,,,,,,,,,,,,
DESCRIPTION,CODE|1,CODE|1|TYPE,CODE|2,CODE|2|TYPE,SETTING,DRUG_UNIT_OF_MEASUREMENT,DRUG_TYPE_OF_MEASUREMENT,STANDARD_CHARGE|GROSS,STANDARD_CHARGE|DISCOUNTED_CASH,STANDARD_CHARGE|AETNA|HMO|NEGOTIATED_DOLLAR,STANDARD_CHARGE|AETNA|HMO|NEGOTIATED_PERCENTAGE,STANDARD_CHARGE|AETNA|HMO|NEGOTIATED_ALGORITHM,STANDARD_CHARGE|AETNA|HMO|METHODOLOGY,ESTIMATED_AMOUNT|AETNA|HMO,ADDITIONAL_PAYER_NOTES|AETNA|HMO,STANDARD_CHARGE|AETNA|OPEN_ACCESS|NEGOTIATED_DOLLAR,STANDARD_CHARGE|AETNA|OPEN_ACCESS|NEGOTIATED_PERCENTAGE,STANDARD_CHARGE|AETNA|OPEN_ACCESS|NEGOTIATED_ALGORITHM,STANDARD_CHARGE|AETNA|OPEN_ACCESS|METHODOLOGY,ESTIMATED_AMOUNT|AETNA|OPEN_ACCESS,ADDITIONAL_PAYER_NOTES|AETNA|OPEN_ACCESS,STANDARD_CHARGE|AETNA|POS|NEGOTIATED_DOLLAR,STANDARD_CHARGE|AETNA|POS|NEGOTIATED_PERCENTAGE,STANDARD_CHARGE|AETNA|POS|NEGOTIATED_ALGORITHM,STANDARD_CHARGE|AETNA|POS|METHODOLOGY,ESTIMATED_AMOUNT|AETNA|POS,ADDITIONAL_PAYER_NOTES|AETNA|POS,STANDARD_CHARGE|AETNA|PPO|NEGOTIATED_DOLLAR,STANDARD_CHARGE|AETNA|PPO|NEGOTIATED_PERCENTAGE,STANDARD_CHARGE|AETNA|PPO|NEGOTIATED_ALGORITHM,STANDARD_CHARGE|AETNA|PPO|METHODOLOGY,ESTIMATED_AMOUNT|AETNA|PPO,ADDITIONAL_PAYER_NOTES|AETNA|PPO,STANDARD_CHARGE|AETNA|ACA|NEGOTIATED_DOLLAR,STANDARD_CHARGE|AETNA|ACA|NEGOTIATED_PERCENTAGE,STANDARD_CHARGE|AETNA|ACA|NEGOTIATED_ALGORITHM,STANDARD_CHARGE|AETNA|ACA|METHODOLOGY,ESTIMATED_AMOUNT|AETNA|ACA,ADDITIONAL_PAYER_NOTES|AETNA|ACA,STANDARD_CHARGE|AETNA|TRUSTMARK|NEGOTIATED_DOLLAR,STANDARD_CHARGE|AETNA|TRUSTMARK|NEGOTIATED_PERCENTAGE,STANDARD_CHARGE|AETNA|TRUSTMARK|NEGOTIATED_ALGORITHM,STANDARD_CHARGE|AETNA|TRUSTMARK|METHODOLOGY,ESTIMATED_AMOUNT|AETNA|TRUSTMARK,ADDITIONAL_PAYER_NOTES|AETNA|TRUSTMARK,STANDARD_CHARGE|AMBETTER|NEGOTIATED_DOLLAR,STANDARD_CHARGE|AMBETTER|NEGOTIATED_PERCENTAGE,STANDARD_CHARGE|AMBETTER|NEGOTIATED_ALGORITHM,STANDARD_CHARGE|AMBETTER|METHODOLOGY,ESTIMATED_AMOUNT|AMBETTER,ADDITIONAL_PAYER_NOTES|AMBETTER,STANDARD_CHARGE|AMERIHEALTH_CARITAS_NEXT|NEGOTIATED_DOLLAR,STANDARD_CHARGE|AMERIHEALTH_CARITAS_NEXT|NEGOTIATED_PERCENTAGE,STANDARD_CHARGE|AMERIHEALTH_CARITAS_NEXT|NEGOTIATED_ALGORITHM,STANDARD_CHARGE|AMERIHEALTH_CARITAS_NEXT|METHODOLOGY,ESTIMATED_AMOUNT|AMERIHEALTH_CARITAS_NEXT,ADDITIONAL_PAYER_NOTES|MERIHEALTH_CARITAS_NEXT,STANDARD_CHARGE|CIGNA|ALLEGIANCE|NEGOTIATED_DOLLAR,STANDARD_CHARGE|CIGNA|ALLEGIANCE|NEGOTIATED_PERCENTAGE,STANDARD_CHARGE|CIGNA|ALLEGIANCE|NEGOTIATED_ALGORITHM,STANDARD_CHARGE|CIGNA|ALLEGIANCE|METHODOLOGY,ESTIMATED_AMOUNT|CIGNA|ALLEGIANCE,ADDITIONAL_PAYER_NOTES|CIGNA|ALLEGIANCE,STANDARD_CHARGE|CIGNA|OAP|NEGOTIATED_DOLLAR,STANDARD_CHARGE|CIGNA|OAP|NEGOTIATED_PERCENTAGE,STANDARD_CHARGE|CIGNA|OAP|NEGOTIATED_ALGORITHM,STANDARD_CHARGE|CIGNA|OAP|METHODOLOGY,ESTIMATED_AMOUNT|CIGNA|OAP,ADDITIONAL_PAYER_NOTES|CIGNA|OAP,STANDARD_CHARGE|CIGNA|POS|NEGOTIATED_DOLLAR,STANDARD_CHARGE|CIGNA|POS|NEGOTIATED_PERCENTAGE,STANDARD_CHARGE|CIGNA|POS|NEGOTIATED_ALGORITHM,STANDARD_CHARGE|CIGNA|POS|METHODOLOGY,ESTIMATED_AMOUNT|CIGNA|POS,ADDITIONAL_PAYER_NOTES|CIGNA|POS,STANDARD_CHARGE|CIGNA|PPO|NEGOTIATED_DOLLAR,STANDARD_CHARGE|CIGNA|PPO|NEGOTIATED_PERCENTAGE,STANDARD_CHARGE|CIGNA|PPO|NEGOTIATED_ALGORITHM,STANDARD_CHARGE|CIGNA|PPO|METHODOLOGY,ESTIMATED_AMOUNT|CIGNA|PPO,ADDITIONAL_PAYER_NOTES|CIGNA|PPO,STANDARD_CHARGE|FIRST_HEALTH|NEGOTIATED_DOLLAR,STANDARD_CHARGE|FIRST_HEALTH|NEGOTIATED_PERCENTAGE,STANDARD_CHARGE|FIRST_HEALTH|NEGOTIATED_ALGORITHM,STANDARD_CHARGE|FIRST_HEALTH|METHODOLOGY,ESTIMATED_AMOUNT|FIRST_HEALTH,ADDITIONAL_PAYER_NOTES|FIRST_HEALTH,STANDARD_CHARGE|HIGHMARK|EPO|NEGOTIATED_DOLLAR,STANDARD_CHARGE|HIGHMARK|EPO|NEGOTIATED_PERCENTAGE,STANDARD_CHARGE|HIGHMARK|EPO|NEGOTIATED_ALGORITHM,STANDARD_CHARGE|HIGHMARK|EPO|METHODOLOGY,ESTIMATED_AMOUNT|HIGHMARK|EPO,ADDITIONAL_PAYER_NOTES|HIGHMARK|EPO,STANDARD_CHARGE|HIGHMARK|FEDERAL|NEGOTIATED_DOLLAR,STANDARD_CHARGE|HIGHMARK|FEDERAL|NEGOTIATED_PERCENTAGE,STANDARD_CHARGE|HIGHMARK|FEDERAL|NEGOTIATED_ALGORITHM,STANDARD_CHARGE|HIGHMARK|FEDERAL|METHODOLOGY,ESTIMATED_AMOUNT|HIGHMARK|FEDERAL,ADDITIONAL_PAYER_NOTES|HIGHMARK|FEDERAL,STANDARD_CHARGE|HIGHMARK|HMO|NEGOTIATED_DOLLAR,STANDARD_CHARGE|HIGHMARK|HMO|NEGOTIATED_PERCENTAGE,STANDARD_CHARGE|HIGHMARK|HMO|NEGOTIATED_ALGORITHM,STANDARD_CHARGE|HIGHMARK|HMO|METHODOLOGY,ESTIMATED_AMOUNT|HIGHMARK|HMO,ADDITIONAL_PAYER_NOTES|HIGHMARK|HMO,STANDARD_CHARGE|HIGHMARK|POS|NEGOTIATED_DOLLAR,STANDARD_CHARGE|HIGHMARK|POS|NEGOTIATED_PERCENTAGE,STANDARD_CHARGE|HIGHMARK|POS|NEGOTIATED_ALGORITHM,STANDARD_CHARGE|HIGHMARK|POS|METHODOLOGY,ESTIMATED_AMOUNT|HIGHMARK|POS,ADDITIONAL_PAYER_NOTES|HIGHMARK|POS,STANDARD_CHARGE|HIGHMARK|PPO|NEGOTIATED_DOLLAR,STANDARD_CHARGE|HIGHMARK|PPO|NEGOTIATED_PERCENTAGE,STANDARD_CHARGE|HIGHMARK|PPO|NEGOTIATED_ALGORITHM,STANDARD_CHARGE|HIGHMARK|PPO|METHODOLOGY,ESTIMATED_AMOUNT|HIGHMARK|PPO,ADDITIONAL_PAYER_NOTES|HIGHMARK|PPO,STANDARD_CHARGE|HIGHMARK|STATE_OF_DE_EMPLOYEES|NEGOTIATED_DOLLAR,STANDARD_CHARGE|HIGHMARK|STATE_OF_DE_EMPLOYEES|NEGOTIATED_PERCENTAGE,STANDARD_CHARGE|HIGHMARK|STATE_OF_DE_EMPLOYEES|NEGOTIATED_ALGORITHM,STANDARD_CHARGE|HIGHMARK|STATE_OF_DE_EMPLOYEES|METHODOLOGY,ESTIMATED_AMOUNT|HIGHMARK|STATE_OF_DE_EMPLOYEES,ADDITIONAL_PAYER_NOTES|HIGHMARK|STATE_OF_DE_EMPLOYEES,STANDARD_CHARGE|HIGHMARK|DELAWARE_EXCHANGE|NEGOTIATED_DOLLAR,STANDARD_CHARGE|HIGHMARK|DELAWARE_EXCHANGE|NEGOTIATED_PERCENTAGE,STANDARD_CHARGE|HIGHMARK|DELAWARE_EXCHANGE|NEGOTIATED_ALGORITHM,STANDARD_CHARGE|HIGHMARK|DELAWARE_EXCHANGE|METHODOLOGY,ESTIMATED_AMOUNT|HIGHMARK|DELAWARE_EXCHANGE,ADDITIONAL_PAYER_NOTES|HIGHMARK|DELAWARE_EXCHANGE,STANDARD_CHARGE|UHC|CHOICE_PLUS|NEGOTIATED_DOLLAR,STANDARD_CHARGE|UHC|CHOICE_PLUS|NEGOTIATED_PERCENTAGE,STANDARD_CHARGE|UHC|CHOICE_PLUS|NEGOTIATED_ALGORITHM,STANDARD_CHARGE|UHC|CHOICE_PLUS|METHODOLOGY,ESTIMATED_AMOUNT|UHC|CHOICE_PLUS,ADDITIONAL_PAYER_NOTES|UHC|CHOICE_PLUS,STANDARD_CHARGE|UHC|EPO|NEGOTIATED_DOLLAR,STANDARD_CHARGE|UHC|EPO|NEGOTIATED_PERCENTAGE,STANDARD_CHARGE|UHC|EPO|NEGOTIATED_ALGORITHM,STANDARD_CHARGE|UHC|EPO|METHODOLOGY,ESTIMATED_AMOUNT|UHC|EPO,ADDITIONAL_PAYER_NOTES|UHC|EPO,STANDARD_CHARGE|UHC|HMO|NEGOTIATED_DOLLAR,STANDARD_CHARGE|UHC|HMO|NEGOTIATED_PERCENTAGE,STANDARD_CHARGE|UHC|HMO|NEGOTIATED_ALGORITHM,STANDARD_CHARGE|UHC|HMO|METHODOLOGY,ESTIMATED_AMOUNT|UHC|HMO,ADDITIONAL_PAYER_NOTES|UHC|HMO,STANDARD_CHARGE|UHC|OXFORD|NEGOTIATED_DOLLAR,STANDARD_CHARGE|UHC|OXFORD|NEGOTIATED_PERCENTAGE,STANDARD_CHARGE|UHC|OXFORD|NEGOTIATED_ALGORITHM,STANDARD_CHARGE|UHC|OXFORD|METHODOLOGY,ESTIMATED_AMOUNT|UHC|OXFORD,ADDITIONAL_PAYER_NOTES|UHC|OXFORD,STANDARD_CHARGE|AETNA_MA|PPO|NEGOTIATED_DOLLAR,STANDARD_CHARGE|AETNA_MA|PPO|NEGOTIATED_PERCENTAGE,STANDARD_CHARGE|AETNA_MA|PPO|NEGOTIATED_ALGORITHM,STANDARD_CHARGE|AETNA_MA|PPO|METHODOLOGY,ESTIMATED_AMOUNT|AETNA_MA|PPO,ADDITIONAL_PAYER_NOTES|AETNA_MA|PPO,STANDARD_CHARGE|AMERIHEALTH_CARITAS_VIP_CARE|NEGOTIATED_DOLLAR,STANDARD_CHARGE|AMERIHEALTH_CARITAS_VIP_CARE|NEGOTIATED_PERCENTAGE,STANDARD_CHARGE|AMERIHEALTH_CARITAS_VIP_CARE|NEGOTIATED_ALGORITHM,STANDARD_CHARGE|AMERIHEALTH_CARITAS_VIP_CARE|METHODOLOGY,ESTIMATED_AMOUNT|AMERIHEALTH_CARITAS_VIP_CARE,ADDITIONAL_PAYER_NOTES|AMERIHEALTH_CARITAS_VIP_CARE|PPO,STANDARD_CHARGE|CIGNA_MA|PREFERRED|NEGOTIATED_DOLLAR,STANDARD_CHARGE|CIGNA_MA|PREFERRED|NEGOTIATED_PERCENTAGE,STANDARD_CHARGE|CIGNA_MA|PREFERRED|NEGOTIATED_ALGORITHM,STANDARD_CHARGE|CIGNA_MA|PREFERRED|METHODOLOGY,ESTIMATED_AMOUNT|CIGNA_MA|PREFERRED,ADDITIONAL_PAYER_NOTES|CIGNA_MA|PREFERRED,STANDARD_CHARGE|HIGHMARK_MA|DISTINCT|NEGOTIATED_DOLLAR,STANDARD_CHARGE|HIGHMARK_MA|DISTINCT|NEGOTIATED_PERCENTAGE,STANDARD_CHARGE|HIGHMARK_MA|DISTINCT|NEGOTIATED_ALGORITHM,STANDARD_CHARGE|HIGHMARK_MA|DISTINCT|METHODOLOGY,ESTIMATED_AMOUNT|HIGHMARK_MA|DISTINCT,ADDITIONAL_PAYER_NOTES|HIGHMARK_MA|DISTINCT,STANDARD_CHARGE|HIGHMARK_MA|SIGNATURE|NEGOTIATED_DOLLAR,STANDARD_CHARGE|HIGHMARK_MA|SIGNATURE|NEGOTIATED_PERCENTAGE,STANDARD_CHARGE|HIGHMARK_MA|SIGNATURE|NEGOTIATED_ALGORITHM,STANDARD_CHARGE|HIGHMARK_MA|SIGNATURE|METHODOLOGY,ESTIMATED_AMOUNT|HIGHMARK_MA|SIGNATURE,ADDITIONAL_PAYER_NOTES|HIGHMARK_MA|SIGNATURE,STANDARD_CHARGE|HUMANA_MA|HMO|NEGOTIATED_DOLLAR,STANDARD_CHARGE|HUMANA_MA|HMO|NEGOTIATED_PERCENTAGE,STANDARD_CHARGE|HUMANA_MA|HMO|NEGOTIATED_ALGORITHM,STANDARD_CHARGE|HUMANA_MA|HMO|METHODOLOGY,ESTIMATED_AMOUNT|HUMANA_MA|HMO,ADDITIONAL_PAYER_NOTES|HUMANA_MA|HMO,STANDARD_CHARGE|HUMANA_MA|PPO|NEGOTIATED_DOLLAR,STANDARD_CHARGE|HUMANA_MA|PPO|NEGOTIATED_PERCENTAGE,STANDARD_CHARGE|HUMANA_MA|PPO|NEGOTIATED_ALGORITHM,STANDARD_CHARGE|HUMANA_MA|PPO|METHODOLOGY,ESTIMATED_AMOUNT|HUMANA_MA|PPO,ADDITIONAL_PAYER_NOTES|HUMANA_MA|PPO,STANDARD_CHARGE|UHC_MA|PPO|NEGOTIATED_DOLLAR,STANDARD_CHARGE|UHC_MA|PPO|NEGOTIATED_PERCENTAGE,STANDARD_CHARGE|UHC_MA|PPO|NEGOTIATED_ALGORITHM,STANDARD_CHARGE|UHC_MA|PPO|METHODOLOGY,ESTIMATED_AMOUNT|UHC_MA|PPO,ADDITIONAL_PAYER_NOTES|UHC_MA|PPO,STANDARD_CHARGE|UHC_MA|DSNP|NEGOTIATED_DOLLAR,STANDARD_CHARGE|UHC_MA|DSNP|NEGOTIATED_PERCENTAGE,STANDARD_CHARGE|UHC_MA|DSNP|NEGOTIATED_ALGORITHM,STANDARD_CHARGE|UHC_MA|DSNP|METHODOLOGY,ESTIMATED_AMOUNT|UHC_MA|DSNP,ADDITIONAL_PAYER_NOTES|UHC_MA|DSNP,STANDARD_CHARGE|UHC_AARP|PPO|NEGOTIATED_DOLLAR,STANDARD_CHARGE|UHC_AARP|PPO|NEGOTIATED_PERCENTAGE,STANDARD_CHARGE|UHC_AARP|PPO|NEGOTIATED_ALGORITHM,STANDARD_CHARGE|UHC_AARP|PPO|METHODOLOGY,ESTIMATED_AMOUNT|UHC_AARP|PPO,ADDITIONAL_PAYER_NOTES|UHC_AARP|PPO,STANDARD_CHARGE|UHC_AARP|HMO|NEGOTIATED_DOLLAR,STANDARD_CHARGE|UHC_AARP|HMO|NEGOTIATED_PERCENTAGE,STANDARD_CHARGE|UHC_AARP|HMO|NEGOTIATED_ALGORITHM,STANDARD_CHARGE|UHC_AARP|HMO|METHODOLOGY,ESTIMATED_AMOUNT|UHC_AARP|HMO,ADDITIONAL_PAYER_NOTES|UHC_AARP|HMO,STANDARD_CHARGE|WELLCARE|NEGOTIATED_DOLLAR,STANDARD_CHARGE|WELLCARE|NEGOTIATED_PERCENTAGE,STANDARD_CHARGE|WELLCARE|NEGOTIATED_ALGORITHM,STANDARD_CHARGE|WELLCARE|METHODOLOGY,ESTIMATED_AMOUNT|WELLCARE,ADDITIONAL_PAYER_NOTES|WELLCARE,STANDARD_CHARGE|AMERIHEALTH CARITAS|NEGOTIATED_DOLLAR,STANDARD_CHARGE|AMERIHEALTH CARITAS|NEGOTIATED_PERCENTAGE,STANDARD_CHARGE|AMERIHEALTH CARITAS|NEGOTIATED_ALGORITHM,STANDARD_CHARGE|AMERIHEALTH_CARITAS|METHODOLOGY,ESTIMATED_AMOUNT|AMERIHEALTH CARITAS,ADDITIONAL_PAYER_NOTES|AMERIHEALTH_CARITAS,STANDARD_CHARGE|HEALTH_OPTIONS|NEGOTIATED_DOLLAR,STANDARD_CHARGE|HEALTH_OPTIONS|NEGOTIATED_PERCENTAGE,STANDARD_CHARGE|HEALTH_OPTIONS|NEGOTIATED_ALGORITHM,STANDARD_CHARGE|HEALTH_OPTIONS|METHODOLOGY,ESTIMATED_AMOUNT|HEALTH_OPTIONS,ADDITIONAL_PAYER_NOTES|HEALTH_OPTIONS,STANDARD_CHARGE|DELAWARE_FIRST_HEALTH|NEGOTIATED_DOLLAR,STANDARD_CHARGE|DELAWARE_FIRST_HEALTH|NEGOTIATED_PERCENTAGE,STANDARD_CHARGE|DELAWARE_FIRST_HEALTH|NEGOTIATED_ALGORITHM,STANDARD_CHARGE|DELAWARE_FIRST_HEALTH|METHODOLOGY,ESTIMATED_AMOUNT|DELAWARE_FIRST_HEALTH,ADDITIONAL_PAYER_NOTES|DELAWARE_FIRST_HEALTH,STANDARD_CHARGE|MIN,STANDARD_CHARGE|MAX,ADDITIONAL_GENERIC_NOTES,ADDITIONAL_PAYER_SPECIFIC_NOTES
PR INCISION & DRAINAGE ABSCESS SIMPLE/SINGLE,10060,CPT,,,OUTPATIENT,,,665.00,558.60,300.21,220,,Fee Schedule,225.44,,300.21,220,,Fee Schedule,225.44,,300.21,220,,Fee Schedule,225.44,,300.21,220,,Fee Schedule,225.44,,300.21,220,,Fee Schedule,225.44,,300.21,220,,Fee Schedule,225.44,,259.27,190,,Fee Schedule,222.78,,166.48,122,,Fee Schedule,119.70,,289.30,212,,Fee Schedule,224.77,,289.30,212,,Fee Schedule,224.77,,289.30,212,,Fee Schedule,224.77,,289.30,212,,Fee Schedule,224.77,,300.21,220,,Fee Schedule,225.44,,197.87,145,,Fee Schedule,142.31,,197.87,145,,Fee Schedule,142.31,,197.87,145,,Fee Schedule,142.31,,197.87,145,,Fee Schedule,142.31,,197.87,145,,Fee Schedule,142.31,,197.87,145,,Fee Schedule,142.31,,197.87,145,,Fee Schedule,142.31,,313.86,230,,Fee Schedule,236.08,,313.86,230,,Fee Schedule,236.08,,313.86,230,,Fee Schedule,236.08,,313.86,230,,Fee Schedule,236.08,,136.46,100,,Fee Schedule,97.09,,139.19,102,,Fee Schedule,93.10,,136.46,100,,Fee Schedule,,,136.46,100,,Fee Schedule,97.76,,136.46,100,,Fee Schedule,97.76,,136.46,100,,Fee Schedule,97.76,,136.46,100,,Fee Schedule,97.76,,136.46,100,,Fee Schedule,97.76,,136.46,100,,Fee Schedule,97.76,,136.46,100,,Fee Schedule,97.76,,136.46,100,,Fee Schedule,97.76,,136.46,100,,Fee Schedule,97.76,,134.64,110,,Fee Schedule,106.40,,128.52,105,,Fee Schedule,107.07,,159.12,130,,Fee Schedule,99.75,,128.52,313.86,,
PR INCISION & DRAINAGE ABSCESS COMPLICATED/MULTIPLE,10061,CPT,,,OUTPATIENT,,,1226.00,1029.84,507.32,220,,Fee Schedule,415.61,,507.32,220,,Fee Schedule,415.61,,507.32,220,,Fee Schedule,415.61,,507.32,220,,Fee Schedule,415.61,,507.32,220,,Fee Schedule,415.61,,507.32,220,,Fee Schedule,415.61,,438.14,190,,Fee Schedule,410.71,,281.33,122,,Fee Schedule,220.68,,488.87,212,,Fee Schedule,414.39,,488.87,212,,Fee Schedule,414.39,,488.87,212,,Fee Schedule,414.39,,488.87,212,,Fee Schedule,414.39,,507.32,220,,Fee Schedule,415.61,,334.37,145,,Fee Schedule,262.36,,334.37,145,,Fee Schedule,262.36,,334.37,145,,Fee Schedule,262.36,,334.37,145,,Fee Schedule,262.36,,334.37,145,,Fee Schedule,262.36,,334.37,145,,Fee Schedule,262.36,,334.37,145,,Fee Schedule,262.36,,530.38,230,,Fee Schedule,435.23,,530.38,230,,Fee Schedule,435.23,,530.38,230,,Fee Schedule,435.23,,530.38,230,,Fee Schedule,435.23,,230.60,100,,Fee Schedule,179.00,,235.21,102,,Fee Schedule,171.64,,230.60,100,,Fee Schedule,,,230.60,100,,Fee Schedule,180.22,,230.6,100,,Fee Schedule,180.22,,230.6,100,,Fee Schedule,180.22,,230.6,100,,Fee Schedule,180.22,,230.6,100,,Fee Schedule,180.22,,230.6,100,,Fee Schedule,180.22,,230.6,100,,Fee Schedule,180.22,,230.6,100,,Fee Schedule,180.22,,230.6,100,,Fee Schedule,180.22,,227.54,110,,Fee Schedule,196.16,,217.19,105,,Fee Schedule,197.39,,268.91,130,,Fee Schedule,183.9,,217.19,530.38,,
PR INCISION & REMOVAL FOREIGN BODY SUBQ TISS SIMPLE,10120,CPT,,,OUTPATIENT,,,708.00,594.72,359.46,220,,Fee Schedule,240.01,,359.46,220,,Fee Schedule,240.01,,359.46,220,,Fee Schedule,240.01,,359.46,220,,Fee Schedule,240.01,,359.46,220,,Fee Schedule,240.01,,359.46,220,,Fee Schedule,240.01,,310.44,190,,Fee Schedule,237.18,,199.34,122,,Fee Schedule,127.44,,346.39,212,,Fee Schedule,239.30,,346.39,212,,Fee Schedule,239.30,,346.39,212,,Fee Schedule,239.30,,346.39,212,,Fee Schedule,239.30,,359.46,220,,Fee Schedule,240.01,,236.92,145,,Fee Schedule,151.51,,236.92,145,,Fee Schedule,151.51,,236.92,145,,Fee Schedule,151.51,,236.92,145,,Fee Schedule,151.51,,236.92,145,,Fee Schedule,151.51,,236.92,145,,Fee Schedule,151.51,,236.92,145,,Fee Schedule,151.51,,375.80,230,,Fee Schedule,251.34,,375.80,230,,Fee Schedule,251.34,,375.80,230,,Fee Schedule,251.34,,375.80,230,,Fee Schedule,251.34,,163.39,100,,Fee Schedule,103.37,,166.66,102,,Fee Schedule,99.12,,163.39,100,,Fee Schedule,,,163.39,100,,Fee Schedule,104.08,,163.39,100,,Fee Schedule,104.08,,163.39,100,,Fee Schedule,104.08,,163.39,100,,Fee Schedule,104.08,,163.39,100,,Fee Schedule,104.08,,163.39,100,,Fee Schedule,104.08,,163.39,100,,Fee Schedule,104.08,,163.39,100,,Fee Schedule,104.08,,163.39,100,,Fee Schedule,104.08,,161.23,110,,Fee Schedule,113.28,,153.90,105,,Fee Schedule,113.99,,190.54,130,,Fee Schedule,106.2,,153.90,375.80,,
PR PUNCTURE ASPIRATION ABSCESS HEMATOMA BULLA/CYST,10160,CPT,,,OUTPATIENT,,,651.00,546.84,306.42,220,,Fee Schedule,220.69,,306.42,220,,Fee Schedule,220.69,,306.42,220,,Fee Schedule,220.69,,306.42,220,,Fee Schedule,220.69,,306.42,220,,Fee Schedule,220.69,,306.42,220,,Fee Schedule,220.69,,264.63,190,,Fee Schedule,218.09,,169.92,122,,Fee Schedule,117.18,,295.27,212,,Fee Schedule,220.04,,295.27,212,,Fee Schedule,220.04,,295.27,212,,Fee Schedule,220.04,,295.27,212,,Fee Schedule,220.04,,306.42,220,,Fee Schedule,220.69,,201.96,145,,Fee Schedule,139.31,,201.96,145,,Fee Schedule,139.31,,201.96,145,,Fee Schedule,139.31,,201.96,145,,Fee Schedule,139.31,,201.96,145,,Fee Schedule,139.31,,201.96,145,,Fee Schedule,139.31,,201.96,145,,Fee Schedule,139.31,,320.34,230,,Fee Schedule,231.11,,320.34,230,,Fee Schedule,231.11,,320.34,230,,Fee Schedule,231.11,,320.34,230,,Fee Schedule,231.11,,139.28,100,,Fee Schedule,95.05,,142.07,102,,Fee Schedule,91.14,,139.28,100,,Fee Schedule,,,139.28,100,,Fee Schedule,95.70,,139.28,100,,Fee Schedule,95.70,,139.28,100,,Fee Schedule,95.70,,139.28,100,,Fee Schedule,95.70,,139.28,100,,Fee Schedule,95.70,,139.28,100,,Fee Schedule,95.70,,139.28,100,,Fee Schedule,95.70,,139.28,100,,Fee Schedule,95.70,,139.28,100,,Fee Schedule,95.70,,137.42,110,,Fee Schedule,104.16,,131.18,105,,Fee Schedule,104.81,,162.41,130,,Fee Schedule,97.65,,131.18,320.34,,
PR RECONSTRUC OF NAIL BED,11760,CPT,,,OUTPATIENT,,,777.00,652.68,435.62,220,,Fee Schedule,263.40,,435.62,220,,Fee Schedule,263.40,,435.62,220,,Fee Schedule,263.40,,435.62,220,,Fee Schedule,263.40,,435.62,220,,Fee Schedule,263.40,,435.62,220,,Fee Schedule,263.40,,376.22,190,,Fee Schedule,260.30,,241.57,122,,Fee Schedule,139.86,,419.78,212,,Fee Schedule,262.63,,419.78,212,,Fee Schedule,262.63,,419.78,212,,Fee Schedule,262.63,,419.78,212,,Fee Schedule,262.63,,435.62,220,,Fee Schedule,263.40,,287.11,145,,Fee Schedule,166.28,,287.11,145,,Fee Schedule,166.28,,287.11,145,,Fee Schedule,166.28,,287.11,145,,Fee Schedule,166.28,,287.11,145,,Fee Schedule,166.28,,287.11,145,,Fee Schedule,166.28,,287.11,145,,Fee Schedule,166.28,,455.42,230,,Fee Schedule,275.84,,455.42,230,,Fee Schedule,275.84,,455.42,230,,Fee Schedule,275.84,,455.42,230,,Fee Schedule,275.84,,198.01,100,,Fee Schedule,113.44,,201.97,102,,Fee Schedule,108.78,,198.01,100,,Fee Schedule,,,198.01,100,,Fee Schedule,114.22,,198.01,100,,Fee Schedule,114.22,,198.01,100,,Fee Schedule,114.22,,198.01,100,,Fee Schedule,114.22,,198.01,100,,Fee Schedule,114.22,,198.01,100,,Fee Schedule,114.22,,198.01,100,,Fee Schedule,114.22,,198.01,100,,Fee Schedule,114.22,,198.01,100,,Fee Schedule,114.22,,195.38,110,,Fee Schedule,124.32,,186.50,105,,Fee Schedule,125.10,,230.91,130,,Fee Schedule,116.55,,186.50,455.42,,
PR RESUPERF WND FACE <2.5 CM,12011,CPT,,,OUTPATIENT,,,377.00,316.68,264.62,220,,Fee Schedule,127.80,,264.62,220,,Fee Schedule,127.80,,264.62,220,,Fee Schedule,127.80,,264.62,220,,Fee Schedule,127.80,,264.62,220,,Fee Schedule,127.80,,264.62,220,,Fee Schedule,127.80,,228.53,190,,Fee Schedule,126.30,,146.74,122,,Fee Schedule,67.86,,254.99,212,,Fee Schedule,127.43,,254.99,212,,Fee Schedule,127.43,,254.99,212,,Fee Schedule,127.43,,254.99,212,,Fee Schedule,127.43,,264.62,220,,Fee Schedule,127.80,,174.41,145,,Fee Schedule,80.68,,174.41,145,,Fee Schedule,80.68,,174.41,145,,Fee Schedule,80.68,,174.41,145,,Fee Schedule,80.68,,174.41,145,,Fee Schedule,80.68,,174.41,145,,Fee Schedule,80.68,,174.41,145,,Fee Schedule,80.68,,276.64,230,,Fee Schedule,133.84,,276.64,230,,Fee Schedule,133.84,,276.64,230,,Fee Schedule,133.84,,276.64,230,,Fee Schedule,133.84,,120.28,100,,Fee Schedule,55.04,,122.69,102,,Fee Schedule,52.78,,120.28,100,,Fee Schedule,,,120.28,100,,Fee Schedule,55.42,,120.28,100,,Fee Schedule,55.42,,120.28,100,,Fee Schedule,55.42,,120.28,100,,Fee Schedule,55.42,,120.28,100,,Fee Schedule,55.42,,120.28,100,,Fee Schedule,55.42,,120.28,100,,Fee Schedule,55.42,,120.28,100,,Fee Schedule,55.42,,120.28,100,,Fee Schedule,55.42,,118.68,110,,Fee Schedule,60.32,,113.28,105,,Fee Schedule,60.70,,140.26,130,,Fee Schedule,56.55,,113.28,276.64,,
"PR LAYR CLOS WND TRUNK,ARM,LEG 2.6-7.5 CM",12032,CPT,,,OUTPATIENT,,,1339.00,1124.76,715.97,220,,Fee Schedule,453.92,,715.97,220,,Fee Schedule,453.92,,715.97,220,,Fee Schedule,453.92,,715.97,220,,Fee Schedule,453.92,,715.97,220,,Fee Schedule,453.92,,715.97,220,,Fee Schedule,453.92,,618.34,190,,Fee Schedule,448.57,,397.04,122,,Fee Schedule,241.02,,689.93,212,,Fee Schedule,452.58,,689.93,212,,Fee Schedule,452.58,,689.93,212,,Fee Schedule,452.58,,689.93,212,,Fee Schedule,452.58,,715.97,220,,Fee Schedule,453.92,,471.89,145,,Fee Schedule,286.55,,471.89,145,,Fee Schedule,286.55,,471.89,145,,Fee Schedule,286.55,,471.89,145,,Fee Schedule,286.55,,471.89,145,,Fee Schedule,286.55,,471.89,145,,Fee Schedule,286.55,,471.89,145,,Fee Schedule,286.55,,748.51,230,,Fee Schedule,475.35,,748.51,230,,Fee Schedule,475.35,,748.51,230,,Fee Schedule,475.35,,748.51,230,,Fee Schedule,475.35,,325.44,100,,Fee Schedule,195.49,,331.95,102,,Fee Schedule,187.46,,325.44,100,,Fee Schedule,,,325.44,100,,Fee Schedule,196.83,,325.44,100,,Fee Schedule,196.83,,325.44,100,,Fee Schedule,196.83,,325.44,100,,Fee Schedule,196.83,,325.44,100,,Fee Schedule,196.83,,325.44,100,,Fee Schedule,196.83,,325.44,100,,Fee Schedule,196.83,,325.44,100,,Fee Schedule,196.83,,325.44,100,,Fee Schedule,196.83,,321.11,110,,Fee Schedule,214.24,,306.52,105,,Fee Schedule,215.58,,379.50,130,,Fee Schedule,200.85,,306.52,748.51,,
PR LAYR CLOS WND REST BODY <2.5 CM,12041,CPT,,,OUTPATIENT,,,1034.00,868.56,621.04,220,,Fee Schedule,350.53,,621.04,220,,Fee Schedule,350.53,,621.04,220,,Fee Schedule,350.53,,621.04,220,,Fee Schedule,350.53,,621.04,220,,Fee Schedule,350.53,,621.04,220,,Fee Schedule,350.53,,536.35,190,,Fee Schedule,346.39,,344.39,122,,Fee Schedule,186.12,,598.45,212,,Fee Schedule,349.49,,598.45,212,,Fee Schedule,349.49,,598.45,212,,Fee Schedule,349.49,,598.45,212,,Fee Schedule,349.49,,621.04,220,,Fee Schedule,350.53,,409.32,145,,Fee Schedule,221.28,,409.32,145,,Fee Schedule,221.28,,409.32,145,,Fee Schedule,221.28,,409.32,145,,Fee Schedule,221.28,,409.32,145,,Fee Schedule,221.28,,409.32,145,,Fee Schedule,221.28,,409.32,145,,Fee Schedule,221.28,,649.27,230,,Fee Schedule,367.07,,649.27,230,,Fee Schedule,367.07,,649.27,230,,Fee Schedule,367.07,,649.27,230,,Fee Schedule,367.07,,282.29,100,,Fee Schedule,150.96,,287.94,102,,Fee Schedule,144.76,,282.29,100,,Fee Schedule,,,282.29,100,,Fee Schedule,152.00,,282.29,100,,Fee Schedule,152.00,,282.29,100,,Fee Schedule,152.00,,282.29,100,,Fee Schedule,152.00,,282.29,100,,Fee Schedule,152.00,,282.29,100,,Fee Schedule,152.00,,282.29,100,,Fee Schedule,152.00,,282.29,100,,Fee Schedule,152.00,,282.29,100,,Fee Schedule,152.00,,278.54,110,,Fee Schedule,165.44,,265.88,105,,Fee Schedule,166.47,,329.19,130,,Fee Schedule,155.1,,265.88,649.27,,
PR LAYR CLOS WND REST BODY 2.6-7.5 CM,12042,CPT,,,OUTPATIENT,,,1378.00,1157.52,731.02,220,,Fee Schedule,467.14,,731.02,220,,Fee Schedule,467.14,,731.02,220,,Fee Schedule,467.14,,731.02,220,,Fee Schedule,467.14,,731.02,220,,Fee Schedule,467.14,,731.02,220,,Fee Schedule,467.14,,631.33,190,,Fee Schedule,461.63,,405.38,122,,Fee Schedule,248.04,,704.43,212,,Fee Schedule,465.76,,704.43,212,,Fee Schedule,465.76,,704.43,212,,Fee Schedule,465.76,,704.43,212,,Fee Schedule,465.76,,731.02,220,,Fee Schedule,467.14,,481.81,145,,Fee Schedule,294.89,,481.81,145,,Fee Schedule,294.89,,481.81,145,,Fee Schedule,294.89,,481.81,145,,Fee Schedule,294.89,,481.81,145,,Fee Schedule,294.89,,481.81,145,,Fee Schedule,294.89,,481.81,145,,Fee Schedule,294.89,,764.24,230,,Fee Schedule,489.19,,764.24,230,,Fee Schedule,489.19,,764.24,230,,Fee Schedule,489.19,,764.24,230,,Fee Schedule,489.19,,332.28,100,,Fee Schedule,201.19,,338.93,102,,Fee Schedule,192.92,,332.28,100,,Fee Schedule,,,332.28,100,,Fee Schedule,202.57,,332.28,100,,Fee Schedule,202.57,,332.28,100,,Fee Schedule,202.57,,332.28,100,,Fee Schedule,202.57,,332.28,100,,Fee Schedule,202.57,,332.28,100,,Fee Schedule,202.57,,332.28,100,,Fee Schedule,202.57,,332.28,100,,Fee Schedule,202.57,,332.28,100,,Fee Schedule,202.57,,327.88,110,,Fee Schedule,220.48,,312.97,105,,Fee Schedule,221.86,,387.49,130,,Fee Schedule,206.7,,312.97,764.24,,
"PR LAYR CLOS WND FACE,FACIAL <2.5 CM",12051,CPT,,,OUTPATIENT,,,1180.00,991.20,667.99,220,,Fee Schedule,400.02,,667.99,220,,Fee Schedule,400.02,,667.99,220,,Fee Schedule,400.02,,667.99,220,,Fee Schedule,400.02,,667.99,220,,Fee Schedule,400.02,,667.99,220,,Fee Schedule,400.02,,576.90,190,,Fee Schedule,395.30,,370.43,122,,Fee Schedule,212.40,,643.70,212,,Fee Schedule,398.84,,643.70,212,,Fee Schedule,398.84,,643.70,212,,Fee Schedule,398.84,,643.70,212,,Fee Schedule,398.84,,667.99,220,,Fee Schedule,400.02,,440.26,145,,Fee Schedule,252.52,,440.26,145,,Fee Schedule,252.52,,440.26,145,,Fee Schedule,252.52,,440.26,145,,Fee Schedule,252.52,,440.26,145,,Fee Schedule,252.52,,440.26,145,,Fee Schedule,252.52,,440.26,145,,Fee Schedule,252.52,,698.35,230,,Fee Schedule,418.90,,698.35,230,,Fee Schedule,418.90,,698.35,230,,Fee Schedule,418.90,,698.35,230,,Fee Schedule,418.90,,303.63,100,,Fee Schedule,172.28,,309.70,102,,Fee Schedule,165.20,,303.63,100,,Fee Schedule,,,303.63,100,,Fee Schedule,173.46,,303.63,100,,Fee Schedule,173.46,,303.63,100,,Fee Schedule,173.46,,303.63,100,,Fee Schedule,173.46,,303.63,100,,Fee Schedule,173.46,,303.63,100,,Fee Schedule,173.46,,303.63,100,,Fee Schedule,173.46,,303.63,100,,Fee Schedule,173.46,,303.63,100,,Fee Schedule,173.46,,299.61,110,,Fee Schedule,188.80,,285.99,105,,Fee Schedule,189.98,,354.08,130,,Fee Schedule,177,,285.99,698.35,,
"PR INJECT TRIGGER POINTS, > 3",20553,CPT,,,OUTPATIENT,,,295.00,247.80,142.80,220,,Fee Schedule,100.01,,142.80,220,,Fee Schedule,100.01,,142.80,220,,Fee Schedule,100.01,,142.80,220,,Fee Schedule,100.01,,142.80,220,,Fee Schedule,100.01,,142.80,220,,Fee Schedule,100.01,,123.33,190,,Fee Schedule,98.83,,79.19,122,,Fee Schedule,53.10,,137.61,212,,Fee Schedule,99.71,,137.61,212,,Fee Schedule,99.71,,137.61,212,,Fee Schedule,99.71,,137.61,212,,Fee Schedule,99.71,,142.80,220,,Fee Schedule,100.01,,94.12,145,,Fee Schedule,63.13,,94.12,145,,Fee Schedule,63.13,,94.12,145,,Fee Schedule,63.13,,94.12,145,,Fee Schedule,63.13,,94.12,145,,Fee Schedule,63.13,,94.12,145,,Fee Schedule,63.13,,94.12,145,,Fee Schedule,63.13,,149.29,230,,Fee Schedule,104.73,,149.29,230,,Fee Schedule,104.73,,149.29,230,,Fee Schedule,104.73,,149.29,230,,Fee Schedule,104.73,,64.91,100,,Fee Schedule,43.07,,66.21,102,,Fee Schedule,41.30,,64.91,100,,Fee Schedule,,,64.91,100,,Fee Schedule,43.37,,64.91,100,,Fee Schedule,43.37,,64.91,100,,Fee Schedule,43.37,,64.91,100,,Fee Schedule,43.37,,64.91,100,,Fee Schedule,43.37,,64.91,100,,Fee Schedule,43.37,,64.91,100,,Fee Schedule,43.37,,64.91,100,,Fee Schedule,43.37,,64.91,100,,Fee Schedule,43.37,,64.04,110,,Fee Schedule,47.20,,61.13,105,,Fee Schedule,47.50,,75.69,130,,Fee Schedule,44.25,,61.13,149.29,,
PR ARTHROCENTESIS ASPIR&/INJ I,20605,CPT,,,OUTPATIENT,,,257.00,215.88,130.20,220,,Fee Schedule,87.12,,130.20,220,,Fee Schedule,87.12,,130.20,220,,Fee Schedule,87.12,,130.20,220,,Fee Schedule,87.12,,130.20,220,,Fee Schedule,87.12,,130.20,220,,Fee Schedule,87.12,,112.44,190,,Fee Schedule,86.10,,72.20,122,,Fee Schedule,46.26,,125.46,212,,Fee Schedule,86.87,,125.46,212,,Fee Schedule,86.87,,125.46,212,,Fee Schedule,86.87,,125.46,212,,Fee Schedule,86.87,,130.20,220,,Fee Schedule,87.12,,85.81,145,,Fee Schedule,55.00,,85.81,145,,Fee Schedule,55.00,,85.81,145,,Fee Schedule,55.00,,85.81,145,,Fee Schedule,55.00,,85.81,145,,Fee Schedule,55.00,,85.81,145,,Fee Schedule,55.00,,85.81,145,,Fee Schedule,55.00,,136.11,230,,Fee Schedule,91.24,,136.11,230,,Fee Schedule,91.24,,136.11,230,,Fee Schedule,91.24,,136.11,230,,Fee Schedule,91.24,,59.18,100,,Fee Schedule,37.52,,60.36,102,,Fee Schedule,35.98,,59.18,100,,Fee Schedule,,,59.18,100,,Fee Schedule,37.78,,59.18,100,,Fee Schedule,37.78,,59.18,100,,Fee Schedule,37.78,,59.18,100,,Fee Schedule,37.78,,59.18,100,,Fee Schedule,37.78,,59.18,100,,Fee Schedule,37.78,,59.18,100,,Fee Schedule,37.78,,59.18,100,,Fee Schedule,37.78,,59.18,100,,Fee Schedule,37.78,,58.40,110,,Fee Schedule,41.12,,55.74,105,,Fee Schedule,41.38,,69.02,130,,Fee Schedule,38.55,,55.74,136.11,,
PR ARTHROCENTESIS ASPIR&/INJ MAJOR JT/BURSA W/O US,20610,CPT,,,OUTPATIENT,,,318.00,267.12,153.63,220,,Fee Schedule,107.80,,153.63,220,,Fee Schedule,107.80,,153.63,220,,Fee Schedule,107.80,,153.63,220,,Fee Schedule,107.80,,153.63,220,,Fee Schedule,107.80,,153.63,220,,Fee Schedule,107.80,,132.68,190,,Fee Schedule,106.53,,85.19,122,,Fee Schedule,57.24,,148.04,212,,Fee Schedule,107.48,,148.04,212,,Fee Schedule,107.48,,148.04,212,,Fee Schedule,107.48,,148.04,212,,Fee Schedule,107.48,,153.63,220,,Fee Schedule,107.80,,101.25,145,,Fee Schedule,68.05,,101.25,145,,Fee Schedule,68.05,,101.25,145,,Fee Schedule,68.05,,101.25,145,,Fee Schedule,68.05,,101.25,145,,Fee Schedule,68.05,,101.25,145,,Fee Schedule,68.05,,101.25,145,,Fee Schedule,68.05,,160.61,230,,Fee Schedule,112.89,,160.61,230,,Fee Schedule,112.89,,160.61,230,,Fee Schedule,112.89,,160.61,230,,Fee Schedule,112.89,,69.83,100,,Fee Schedule,46.43,,71.23,102,,Fee Schedule,44.52,,69.83,100,,Fee Schedule,,,69.83,100,,Fee Schedule,46.75,,69.83,100,,Fee Schedule,46.75,,69.83,100,,Fee Schedule,46.75,,69.83,100,,Fee Schedule,46.75,,69.83,100,,Fee Schedule,46.75,,69.83,100,,Fee Schedule,46.75,,69.83,100,,Fee Schedule,46.75,,69.83,100,,Fee Schedule,46.75,,69.83,100,,Fee Schedule,46.75,,68.90,110,,Fee Schedule,50.88,,65.77,105,,Fee Schedule,51.20,,81.43,130,,Fee Schedule,47.7,,65.77,160.61,,
PR ARTHROCENTESIS ASPIR&/INJ MAJOR JT/BURSA W/US,20611,CPT,,,OUTPATIENT,,,370.00,310.80,234.39,220,,Fee Schedule,125.43,,234.39,220,,Fee Schedule,125.43,,234.39,220,,Fee Schedule,125.43,,234.39,220,,Fee Schedule,125.43,,234.39,220,,Fee Schedule,125.43,,234.39,220,,Fee Schedule,125.43,,202.43,190,,Fee Schedule,123.95,,129.98,122,,Fee Schedule,66.60,,225.86,212,,Fee Schedule,125.06,,225.86,212,,Fee Schedule,125.06,,225.86,212,,Fee Schedule,125.06,,225.86,212,,Fee Schedule,125.06,,234.39,220,,Fee Schedule,125.43,,154.48,145,,Fee Schedule,79.18,,154.48,145,,Fee Schedule,79.18,,154.48,145,,Fee Schedule,79.18,,154.48,145,,Fee Schedule,79.18,,154.48,145,,Fee Schedule,79.18,,154.48,145,,Fee Schedule,79.18,,154.48,145,,Fee Schedule,79.18,,245.04,230,,Fee Schedule,131.35,,245.04,230,,Fee Schedule,131.35,,245.04,230,,Fee Schedule,131.35,,245.04,230,,Fee Schedule,131.35,,106.54,100,,Fee Schedule,54.02,,108.67,102,,Fee Schedule,51.80,,106.54,100,,Fee Schedule,,,106.54,100,,Fee Schedule,54.39,,106.54,100,,Fee Schedule,54.39,,106.54,100,,Fee Schedule,54.39,,106.54,100,,Fee Schedule,54.39,,106.54,100,,Fee Schedule,54.39,,106.54,100,,Fee Schedule,54.39,,106.54,100,,Fee Schedule,54.39,,106.54,100,,Fee Schedule,54.39,,106.54,100,,Fee Schedule,54.39,,105.13,110,,Fee Schedule,59.20,,100.35,105,,Fee Schedule,59.57,,124.24,130,,Fee Schedule,55.5,,100.35,245.04,,
PR APPLY LONG ARM SPLINT,29105,CPT,,,OUTPATIENT,,,406.00,341.04,198.81,220,,Fee Schedule,137.63,,198.81,220,,Fee Schedule,137.63,,198.81,220,,Fee Schedule,137.63,,198.81,220,,Fee Schedule,137.63,,198.81,220,,Fee Schedule,137.63,,198.81,220,,Fee Schedule,137.63,,171.70,190,,Fee Schedule,136.01,,110.25,122,,Fee Schedule,73.08,,191.58,212,,Fee Schedule,137.23,,191.58,212,,Fee Schedule,137.23,,191.58,212,,Fee Schedule,137.23,,191.58,212,,Fee Schedule,137.23,,198.81,220,,Fee Schedule,137.63,,131.04,145,,Fee Schedule,86.88,,131.04,145,,Fee Schedule,86.88,,131.04,145,,Fee Schedule,86.88,,131.04,145,,Fee Schedule,86.88,,131.04,145,,Fee Schedule,86.88,,131.04,145,,Fee Schedule,86.88,,131.04,145,,Fee Schedule,86.88,,207.85,230,,Fee Schedule,144.13,,207.85,230,,Fee Schedule,144.13,,207.85,230,,Fee Schedule,144.13,,207.85,230,,Fee Schedule,144.13,,90.37,100,,Fee Schedule,59.28,,92.18,102,,Fee Schedule,56.84,,90.37,100,,Fee Schedule,,,90.37,100,,Fee Schedule,59.68,,90.37,100,,Fee Schedule,59.68,,90.37,100,,Fee Schedule,59.68,,90.37,100,,Fee Schedule,59.68,,90.37,100,,Fee Schedule,59.68,,90.37,100,,Fee Schedule,59.68,,90.37,100,,Fee Schedule,59.68,,90.37,100,,Fee Schedule,59.68,,90.37,100,,Fee Schedule,59.68,,89.18,110,,Fee Schedule,64.96,,85.12,105,,Fee Schedule,65.37,,105.39,130,,Fee Schedule,60.9,,85.12,207.85,,
"PR APPLY FOREARM SPLINT,STATIC",29125,CPT,,,OUTPATIENT,,,272.00,228.48,160.40,220,,Fee Schedule,92.21,,160.40,220,,Fee Schedule,92.21,,160.40,220,,Fee Schedule,92.21,,160.40,220,,Fee Schedule,92.21,,160.40,220,,Fee Schedule,92.21,,160.40,220,,Fee Schedule,92.21,,138.53,190,,Fee Schedule,91.12,,88.95,122,,Fee Schedule,48.96,,154.57,212,,Fee Schedule,91.94,,154.57,212,,Fee Schedule,91.94,,154.57,212,,Fee Schedule,91.94,,154.57,212,,Fee Schedule,91.94,,160.40,220,,Fee Schedule,92.21,,105.72,145,,Fee Schedule,58.21,,105.72,145,,Fee Schedule,58.21,,105.72,145,,Fee Schedule,58.21,,105.72,145,,Fee Schedule,58.21,,105.72,145,,Fee Schedule,58.21,,105.72,145,,Fee Schedule,58.21,,105.72,145,,Fee Schedule,58.21,,167.69,230,,Fee Schedule,96.56,,167.69,230,,Fee Schedule,96.56,,167.69,230,,Fee Schedule,96.56,,167.69,230,,Fee Schedule,96.56,,72.91,100,,Fee Schedule,39.71,,74.37,102,,Fee Schedule,38.08,,72.91,100,,Fee Schedule,,,72.91,100,,Fee Schedule,39.98,,72.91,100,,Fee Schedule,39.98,,72.91,100,,Fee Schedule,39.98,,72.91,100,,Fee Schedule,39.98,,72.91,100,,Fee Schedule,39.98,,72.91,100,,Fee Schedule,39.98,,72.91,100,,Fee Schedule,39.98,,72.91,100,,Fee Schedule,39.98,,72.91,100,,Fee Schedule,39.98,,71.95,110,,Fee Schedule,43.52,,68.68,105,,Fee Schedule,43.79,,85.03,130,,Fee Schedule,40.8,,68.68,167.69,,
"PR CTRL NOSEBLEED,ANTER,SIMPLE",30901,CPT,,,OUTPATIENT,,,387.00,325.08,367.75,220,,Fee Schedule,131.19,,367.75,220,,Fee Schedule,131.19,,367.75,220,,Fee Schedule,131.19,,367.75,220,,Fee Schedule,131.19,,367.75,220,,Fee Schedule,131.19,,367.75,220,,Fee Schedule,131.19,,317.60,190,,Fee Schedule,129.65,,203.94,122,,Fee Schedule,69.66,,354.38,212,,Fee Schedule,130.81,,354.38,212,,Fee Schedule,130.81,,354.38,212,,Fee Schedule,130.81,,354.38,212,,Fee Schedule,130.81,,367.75,220,,Fee Schedule,131.19,,242.38,145,,Fee Schedule,82.82,,242.38,145,,Fee Schedule,82.82,,242.38,145,,Fee Schedule,82.82,,242.38,145,,Fee Schedule,82.82,,242.38,145,,Fee Schedule,82.82,,242.38,145,,Fee Schedule,82.82,,242.38,145,,Fee Schedule,82.82,,384.47,230,,Fee Schedule,137.39,,384.47,230,,Fee Schedule,137.39,,384.47,230,,Fee Schedule,137.39,,384.47,230,,Fee Schedule,137.39,,167.16,100,,Fee Schedule,56.50,,170.50,102,,Fee Schedule,54.18,,167.16,100,,Fee Schedule,,,167.16,100,,Fee Schedule,56.89,,167.16,100,,Fee Schedule,56.89,,167.16,100,,Fee Schedule,56.89,,167.16,100,,Fee Schedule,56.89,,167.16,100,,Fee Schedule,56.89,,167.16,100,,Fee Schedule,56.89,,167.16,100,,Fee Schedule,56.89,,167.16,100,,Fee Schedule,56.89,,167.16,100,,Fee Schedule,56.89,,164.95,110,,Fee Schedule,61.92,,157.45,105,,Fee Schedule,62.31,,194.94,130,,Fee Schedule,58.05,,157.45,384.47,,
"PR CTRL NOSEBLEED,ANTER,COMPLEX",30903,CPT,,,OUTPATIENT,,,537.00,451.08,572.66,220,,Fee Schedule,182.04,,572.66,220,,Fee Schedule,182.04,,572.66,220,,Fee Schedule,182.04,,572.66,220,,Fee Schedule,182.04,,572.66,220,,Fee Schedule,182.04,,572.66,220,,Fee Schedule,182.04,,494.57,190,,Fee Schedule,179.90,,317.57,122,,Fee Schedule,96.66,,551.84,212,,Fee Schedule,181.51,,551.84,212,,Fee Schedule,181.51,,551.84,212,,Fee Schedule,181.51,,551.84,212,,Fee Schedule,181.51,,572.66,220,,Fee Schedule,182.04,,377.44,145,,Fee Schedule,114.92,,377.44,145,,Fee Schedule,114.92,,377.44,145,,Fee Schedule,114.92,,377.44,145,,Fee Schedule,114.92,,377.44,145,,Fee Schedule,114.92,,377.44,145,,Fee Schedule,114.92,,377.44,145,,Fee Schedule,114.92,,598.69,230,,Fee Schedule,190.64,,598.69,230,,Fee Schedule,190.64,,598.69,230,,Fee Schedule,190.64,,598.69,230,,Fee Schedule,190.64,,260.30,100,,Fee Schedule,78.40,,265.51,102,,Fee Schedule,75.18,,260.30,100,,Fee Schedule,,,260.30,100,,Fee Schedule,78.94,,260.3,100,,Fee Schedule,78.94,,260.3,100,,Fee Schedule,78.94,,260.3,100,,Fee Schedule,78.94,,260.3,100,,Fee Schedule,78.94,,260.3,100,,Fee Schedule,78.94,,260.3,100,,Fee Schedule,78.94,,260.3,100,,Fee Schedule,78.94,,260.3,100,,Fee Schedule,78.94,,256.84,110,,Fee Schedule,85.92,,245.16,105,,Fee Schedule,86.46,,303.54,130,,Fee Schedule,80.55,,245.16,598.69,,
PR INSERT EMERGENCY ENDOTRACH AIRWAY,31500,CPT,,,OUTPATIENT,,,968.00,813.12,328.11,220,,Fee Schedule,328.15,,328.11,220,,Fee Schedule,328.15,,328.11,220,,Fee Schedule,328.15,,328.11,220,,Fee Schedule,328.15,,328.11,220,,Fee Schedule,328.15,,328.11,220,,Fee Schedule,328.15,,283.37,190,,Fee Schedule,324.28,,181.95,122,,Fee Schedule,174.24,,316.18,212,,Fee Schedule,327.18,,316.18,212,,Fee Schedule,327.18,,316.18,212,,Fee Schedule,327.18,,316.18,212,,Fee Schedule,327.18,,328.11,220,,Fee Schedule,328.15,,216.25,145,,Fee Schedule,207.15,,216.25,145,,Fee Schedule,207.15,,216.25,145,,Fee Schedule,207.15,,216.25,145,,Fee Schedule,207.15,,216.25,145,,Fee Schedule,207.15,,216.25,145,,Fee Schedule,207.15,,216.25,145,,Fee Schedule,207.15,,343.02,230,,Fee Schedule,343.64,,343.02,230,,Fee Schedule,343.64,,343.02,230,,Fee Schedule,343.64,,343.02,230,,Fee Schedule,343.64,,149.14,100,,Fee Schedule,141.33,,152.12,102,,Fee Schedule,135.52,,149.14,100,,Fee Schedule,,,149.14,100,,Fee Schedule,142.30,,149.14,100,,Fee Schedule,142.30,,149.14,100,,Fee Schedule,142.30,,149.14,100,,Fee Schedule,142.30,,149.14,100,,Fee Schedule,142.30,,149.14,100,,Fee Schedule,142.30,,149.14,100,,Fee Schedule,142.30,,149.14,100,,Fee Schedule,142.30,,149.14,100,,Fee Schedule,142.30,,147.17,110,,Fee Schedule,154.88,,140.48,105,,Fee Schedule,155.85,,173.93,130,,Fee Schedule,145.2,,140.48,343.02,,
PR TUBE THORACOSTOMY INCLUDES WATER SEAL,32551,CPT,,,OUTPATIENT,,,1086.00,912.24,360.62,220,,Fee Schedule,368.15,,360.62,220,,Fee Schedule,368.15,,360.62,220,,Fee Schedule,368.15,,360.62,220,,Fee Schedule,368.15,,360.62,220,,Fee Schedule,368.15,,360.62,220,,Fee Schedule,368.15,,311.45,190,,Fee Schedule,363.81,,199.98,122,,Fee Schedule,195.48,,347.51,212,,Fee Schedule,367.07,,347.51,212,,Fee Schedule,367.07,,347.51,212,,Fee Schedule,367.07,,347.51,212,,Fee Schedule,367.07,,360.62,220,,Fee Schedule,368.15,,237.68,145,,Fee Schedule,232.40,,237.68,145,,Fee Schedule,232.40,,237.68,145,,Fee Schedule,232.40,,237.68,145,,Fee Schedule,232.40,,237.68,145,,Fee Schedule,232.40,,237.68,145,,Fee Schedule,232.40,,237.68,145,,Fee Schedule,232.40,,377.02,230,,Fee Schedule,385.53,,377.02,230,,Fee Schedule,385.53,,377.02,230,,Fee Schedule,385.53,,377.02,230,,Fee Schedule,385.53,,163.92,100,,Fee Schedule,158.56,,167.20,102,,Fee Schedule,152.04,,163.92,100,,Fee Schedule,,,163.92,100,,Fee Schedule,159.64,,163.92,100,,Fee Schedule,159.64,,163.92,100,,Fee Schedule,159.64,,163.92,100,,Fee Schedule,159.64,,163.92,100,,Fee Schedule,159.64,,163.92,100,,Fee Schedule,159.64,,163.92,100,,Fee Schedule,159.64,,163.92,100,,Fee Schedule,159.64,,163.92,100,,Fee Schedule,159.64,,161.74,110,,Fee Schedule,173.76,,154.39,105,,Fee Schedule,174.85,,191.15,130,,Fee Schedule,162.9,,154.39,377.02,,
PR INSJ/RPLCMT TEMP TRANSVNS 1CHMBR ELTRD/PM CATH,33210,CPT,,,OUTPATIENT,,,1147.00,963.48,370.44,220,,Fee Schedule,388.83,,370.44,220,,Fee Schedule,388.83,,370.44,220,,Fee Schedule,388.83,,370.44,220,,Fee Schedule,388.83,,370.44,220,,Fee Schedule,388.83,,370.44,220,,Fee Schedule,388.83,,319.92,190,,Fee Schedule,384.25,,205.42,122,,Fee Schedule,206.46,,356.97,212,,Fee Schedule,387.69,,356.97,212,,Fee Schedule,387.69,,356.97,212,,Fee Schedule,387.69,,356.97,212,,Fee Schedule,387.69,,370.44,220,,Fee Schedule,388.83,,244.15,145,,Fee Schedule,245.46,,244.15,145,,Fee Schedule,245.46,,244.15,145,,Fee Schedule,245.46,,244.15,145,,Fee Schedule,245.46,,244.15,145,,Fee Schedule,245.46,,244.15,145,,Fee Schedule,245.46,,244.15,145,,Fee Schedule,245.46,,387.27,230,,Fee Schedule,407.19,,387.27,230,,Fee Schedule,407.19,,387.27,230,,Fee Schedule,407.19,,387.27,230,,Fee Schedule,407.19,,168.38,100,,Fee Schedule,167.46,,171.75,102,,Fee Schedule,160.58,,168.38,100,,Fee Schedule,,,168.38,100,,Fee Schedule,168.61,,168.38,100,,Fee Schedule,168.61,,168.38,100,,Fee Schedule,168.61,,168.38,100,,Fee Schedule,168.61,,168.38,100,,Fee Schedule,168.61,,168.38,100,,Fee Schedule,168.61,,168.38,100,,Fee Schedule,168.61,,168.38,100,,Fee Schedule,168.61,,168.38,100,,Fee Schedule,168.61,,166.16,110,,Fee Schedule,183.52,,158.60,105,,Fee Schedule,184.67,,196.37,130,,Fee Schedule,172.05,,158.60,387.27,,
PR INSERT NON-TUNNEL CV CATH,36556,CPT,,,OUTPATIENT,,,672.00,564.48,497.29,220,,Fee Schedule,227.81,,497.29,220,,Fee Schedule,227.81,,497.29,220,,Fee Schedule,227.81,,497.29,220,,Fee Schedule,227.81,,497.29,220,,Fee Schedule,227.81,,497.29,220,,Fee Schedule,227.81,,429.48,190,,Fee Schedule,225.12,,275.77,122,,Fee Schedule,120.96,,479.20,212,,Fee Schedule,227.14,,479.20,212,,Fee Schedule,227.14,,479.20,212,,Fee Schedule,227.14,,479.20,212,,Fee Schedule,227.14,,497.29,220,,Fee Schedule,227.81,,327.76,145,,Fee Schedule,143.81,,327.76,145,,Fee Schedule,143.81,,327.76,145,,Fee Schedule,143.81,,327.76,145,,Fee Schedule,143.81,,327.76,145,,Fee Schedule,143.81,,327.76,145,,Fee Schedule,143.81,,327.76,145,,Fee Schedule,143.81,,519.89,230,,Fee Schedule,238.56,,519.89,230,,Fee Schedule,238.56,,519.89,230,,Fee Schedule,238.56,,519.89,230,,Fee Schedule,238.56,,226.04,100,,Fee Schedule,98.11,,230.56,102,,Fee Schedule,94.08,,226.04,100,,Fee Schedule,,,226.04,100,,Fee Schedule,98.78,,226.04,100,,Fee Schedule,98.78,,226.04,100,,Fee Schedule,98.78,,226.04,100,,Fee Schedule,98.78,,226.04,100,,Fee Schedule,98.78,,226.04,100,,Fee Schedule,98.78,,226.04,100,,Fee Schedule,98.78,,226.04,100,,Fee Schedule,98.78,,226.04,100,,Fee Schedule,98.78,,223.05,110,,Fee Schedule,107.52,,212.91,105,,Fee Schedule,108.19,,263.60,130,,Fee Schedule,100.8,,212.91,519.89,,
"PR INSERT CATH,ART,PERCUT,SHORTTERM",36620,CPT,,,OUTPATIENT,,,302.00,253.68,102.54,220,,Fee Schedule,102.38,,102.54,220,,Fee Schedule,102.38,,102.54,220,,Fee Schedule,102.38,,102.54,220,,Fee Schedule,102.38,,102.54,220,,Fee Schedule,102.38,,102.54,220,,Fee Schedule,102.38,,88.56,190,,Fee Schedule,101.17,,56.86,122,,Fee Schedule,54.36,,98.81,212,,Fee Schedule,102.08,,98.81,212,,Fee Schedule,102.08,,98.81,212,,Fee Schedule,102.08,,98.81,212,,Fee Schedule,102.08,,102.54,220,,Fee Schedule,102.38,,67.58,145,,Fee Schedule,64.63,,67.58,145,,Fee Schedule,64.63,,67.58,145,,Fee Schedule,64.63,,67.58,145,,Fee Schedule,64.63,,67.58,145,,Fee Schedule,64.63,,67.58,145,,Fee Schedule,64.63,,67.58,145,,Fee Schedule,64.63,,107.20,230,,Fee Schedule,107.21,,107.20,230,,Fee Schedule,107.21,,107.20,230,,Fee Schedule,107.21,,107.20,230,,Fee Schedule,107.21,,46.61,100,,Fee Schedule,44.09,,47.54,102,,Fee Schedule,42.28,,46.61,100,,Fee Schedule,,,46.61,100,,Fee Schedule,44.39,,46.61,100,,Fee Schedule,44.39,,46.61,100,,Fee Schedule,44.39,,46.61,100,,Fee Schedule,44.39,,46.61,100,,Fee Schedule,44.39,,46.61,100,,Fee Schedule,44.39,,46.61,100,,Fee Schedule,44.39,,46.61,100,,Fee Schedule,44.39,,46.61,100,,Fee Schedule,44.39,,45.99,110,,Fee Schedule,48.32,,43.90,105,,Fee Schedule,48.62,,54.35,130,,Fee Schedule,45.3,,43.90,107.20,,
PR INC/DRAIN PERITONSIL ABSCESS,42700,CPT,,,OUTPATIENT,,,926.00,777.84,455.75,220,,Fee Schedule,313.91,,455.75,220,,Fee Schedule,313.91,,455.75,220,,Fee Schedule,313.91,,455.75,220,,Fee Schedule,313.91,,455.75,220,,Fee Schedule,313.91,,455.75,220,,Fee Schedule,313.91,,393.60,190,,Fee Schedule,310.21,,252.74,122,,Fee Schedule,166.68,,439.18,212,,Fee Schedule,312.99,,439.18,212,,Fee Schedule,312.99,,439.18,212,,Fee Schedule,312.99,,439.18,212,,Fee Schedule,312.99,,455.75,220,,Fee Schedule,313.91,,300.38,145,,Fee Schedule,198.16,,300.38,145,,Fee Schedule,198.16,,300.38,145,,Fee Schedule,198.16,,300.38,145,,Fee Schedule,198.16,,300.38,145,,Fee Schedule,198.16,,300.38,145,,Fee Schedule,198.16,,300.38,145,,Fee Schedule,198.16,,476.47,230,,Fee Schedule,328.73,,476.47,230,,Fee Schedule,328.73,,476.47,230,,Fee Schedule,328.73,,476.47,230,,Fee Schedule,328.73,,207.16,100,,Fee Schedule,135.20,,211.30,102,,Fee Schedule,129.64,,207.16,100,,Fee Schedule,,,207.16,100,,Fee Schedule,136.12,,207.16,100,,Fee Schedule,136.12,,207.16,100,,Fee Schedule,136.12,,207.16,100,,Fee Schedule,136.12,,207.16,100,,Fee Schedule,136.12,,207.16,100,,Fee Schedule,136.12,,207.16,100,,Fee Schedule,136.12,,207.16,100,,Fee Schedule,136.12,,207.16,100,,Fee Schedule,136.12,,204.41,110,,Fee Schedule,148.16,,195.12,105,,Fee Schedule,149.09,,241.58,130,,Fee Schedule,138.9,,195.12,476.47,,
PR PERQ REPLACEMENT GTUBE NOT REQ REVJ GSTRST TRC,43762,CPT,,,OUTPATIENT,,,261.00,219.24,528.29,220,,Fee Schedule,88.48,,528.29,220,,Fee Schedule,88.48,,528.29,220,,Fee Schedule,88.48,,528.29,220,,Fee Schedule,88.48,,528.29,220,,Fee Schedule,88.48,,528.29,220,,Fee Schedule,88.48,,456.25,190,,Fee Schedule,87.44,,292.96,122,,Fee Schedule,46.98,,509.08,212,,Fee Schedule,88.22,,509.08,212,,Fee Schedule,88.22,,509.08,212,,Fee Schedule,88.22,,509.08,212,,Fee Schedule,88.22,,528.29,220,,Fee Schedule,88.48,,348.19,145,,Fee Schedule,55.85,,348.19,145,,Fee Schedule,55.85,,348.19,145,,Fee Schedule,55.85,,348.19,145,,Fee Schedule,55.85,,348.19,145,,Fee Schedule,55.85,,348.19,145,,Fee Schedule,55.85,,348.19,145,,Fee Schedule,55.85,,552.30,230,,Fee Schedule,92.66,,552.30,230,,Fee Schedule,92.66,,552.30,230,,Fee Schedule,92.66,,552.30,230,,Fee Schedule,92.66,,240.13,100,,Fee Schedule,38.11,,244.93,102,,Fee Schedule,36.54,,240.13,100,,Fee Schedule,,,240.13,100,,Fee Schedule,38.37,,240.13,100,,Fee Schedule,38.37,,240.13,100,,Fee Schedule,38.37,,240.13,100,,Fee Schedule,38.37,,240.13,100,,Fee Schedule,38.37,,240.13,100,,Fee Schedule,38.37,,240.13,100,,Fee Schedule,38.37,,240.13,100,,Fee Schedule,38.37,,240.13,100,,Fee Schedule,38.37,,236.94,110,,Fee Schedule,41.76,,226.17,105,,Fee Schedule,42.02,,280.02,130,,Fee Schedule,39.15,,226.17,552.30,,
"PR CHANGE OF BLADDER TUBE,SIMPLE",51705,CPT,,,OUTPATIENT,,,360.00,302.40,229.57,220,,Fee Schedule,122.04,,229.57,220,,Fee Schedule,122.04,,229.57,220,,Fee Schedule,122.04,,229.57,220,,Fee Schedule,122.04,,229.57,220,,Fee Schedule,122.04,,229.57,220,,Fee Schedule,122.04,,198.27,190,,Fee Schedule,120.60,,127.31,122,,Fee Schedule,64.80,,221.22,212,,Fee Schedule,121.68,,221.22,212,,Fee Schedule,121.68,,221.22,212,,Fee Schedule,121.68,,221.22,212,,Fee Schedule,121.68,,229.57,220,,Fee Schedule,122.04,,151.31,145,,Fee Schedule,77.04,,151.31,145,,Fee Schedule,77.04,,151.31,145,,Fee Schedule,77.04,,151.31,145,,Fee Schedule,77.04,,151.31,145,,Fee Schedule,77.04,,151.31,145,,Fee Schedule,77.04,,151.31,145,,Fee Schedule,77.04,,240.01,230,,Fee Schedule,127.80,,240.01,230,,Fee Schedule,127.80,,240.01,230,,Fee Schedule,127.80,,240.01,230,,Fee Schedule,127.80,,104.35,100,,Fee Schedule,52.56,,106.44,102,,Fee Schedule,50.40,,104.35,100,,Fee Schedule,,,104.35,100,,Fee Schedule,52.92,,104.35,100,,Fee Schedule,52.92,,104.35,100,,Fee Schedule,52.92,,104.35,100,,Fee Schedule,52.92,,104.35,100,,Fee Schedule,52.92,,104.35,100,,Fee Schedule,52.92,,104.35,100,,Fee Schedule,52.92,,104.35,100,,Fee Schedule,52.92,,104.35,100,,Fee Schedule,52.92,,102.97,110,,Fee Schedule,57.60,,98.29,105,,Fee Schedule,57.96,,121.69,130,,Fee Schedule,54,,98.29,240.01,,
PR I&D BARTHOLIN GLAND ABSCESS,56420,CPT,,,OUTPATIENT,,,615.00,516.60,440.66,220,,Fee Schedule,208.49,,440.66,220,,Fee Schedule,208.49,,440.66,220,,Fee Schedule,208.49,,440.66,220,,Fee Schedule,208.49,,440.66,220,,Fee Schedule,208.49,,440.66,220,,Fee Schedule,208.49,,380.57,190,,Fee Schedule,206.03,,244.37,122,,Fee Schedule,110.70,,424.64,212,,Fee Schedule,207.87,,424.64,212,,Fee Schedule,207.87,,424.64,212,,Fee Schedule,207.87,,424.64,212,,Fee Schedule,207.87,,440.66,220,,Fee Schedule,208.49,,290.44,145,,Fee Schedule,131.61,,290.44,145,,Fee Schedule,131.61,,290.44,145,,Fee Schedule,131.61,,290.44,145,,Fee Schedule,131.61,,290.44,145,,Fee Schedule,131.61,,290.44,145,,Fee Schedule,131.61,,290.44,145,,Fee Schedule,131.61,,460.69,230,,Fee Schedule,218.33,,460.69,230,,Fee Schedule,218.33,,460.69,230,,Fee Schedule,218.33,,460.69,230,,Fee Schedule,218.33,,200.30,100,,Fee Schedule,89.79,,204.31,102,,Fee Schedule,86.10,,200.30,100,,Fee Schedule,,,200.30,100,,Fee Schedule,90.41,,200.3,100,,Fee Schedule,90.41,,200.3,100,,Fee Schedule,90.41,,200.3,100,,Fee Schedule,90.41,,200.3,100,,Fee Schedule,90.41,,200.3,100,,Fee Schedule,90.41,,200.3,100,,Fee Schedule,90.41,,200.3,100,,Fee Schedule,90.41,,200.3,100,,Fee Schedule,90.41,,197.64,110,,Fee Schedule,98.40,,188.65,105,,Fee Schedule,99.02,,233.57,130,,Fee Schedule,92.25,,188.65,460.69,,
PR DIAGNOSTIC LUMBAR SPINAL PUNCTURE,62270,CPT,,,OUTPATIENT,,,537.00,451.08,343.46,220,,Fee Schedule,182.04,,343.46,220,,Fee Schedule,182.04,,343.46,220,,Fee Schedule,182.04,,343.46,220,,Fee Schedule,182.04,,343.46,220,,Fee Schedule,182.04,,343.46,220,,Fee Schedule,182.04,,296.63,190,,Fee Schedule,179.90,,190.47,122,,Fee Schedule,96.66,,330.97,212,,Fee Schedule,181.51,,330.97,212,,Fee Schedule,181.51,,330.97,212,,Fee Schedule,181.51,,330.97,212,,Fee Schedule,181.51,,343.46,220,,Fee Schedule,182.04,,226.37,145,,Fee Schedule,114.92,,226.37,145,,Fee Schedule,114.92,,226.37,145,,Fee Schedule,114.92,,226.37,145,,Fee Schedule,114.92,,226.37,145,,Fee Schedule,114.92,,226.37,145,,Fee Schedule,114.92,,226.37,145,,Fee Schedule,114.92,,359.08,230,,Fee Schedule,190.64,,359.08,230,,Fee Schedule,190.64,,359.08,230,,Fee Schedule,190.64,,359.08,230,,Fee Schedule,190.64,,156.12,100,,Fee Schedule,78.40,,159.24,102,,Fee Schedule,75.18,,156.12,100,,Fee Schedule,,,156.12,100,,Fee Schedule,78.94,,156.12,100,,Fee Schedule,78.94,,156.12,100,,Fee Schedule,78.94,,156.12,100,,Fee Schedule,78.94,,156.12,100,,Fee Schedule,78.94,,156.12,100,,Fee Schedule,78.94,,156.12,100,,Fee Schedule,78.94,,156.12,100,,Fee Schedule,78.94,,156.12,100,,Fee Schedule,78.94,,154.04,110,,Fee Schedule,85.92,,147.04,105,,Fee Schedule,86.46,,182.05,130,,Fee Schedule,80.55,,147.04,359.08,,
PR REMV EXT CANAL FOREIGN BODY,69200,CPT,,,OUTPATIENT,,,322.00,270.48,189.60,220,,Fee Schedule,109.16,,189.60,220,,Fee Schedule,109.16,,189.60,220,,Fee Schedule,109.16,,189.60,220,,Fee Schedule,109.16,,189.60,220,,Fee Schedule,109.16,,189.60,220,,Fee Schedule,109.16,,163.74,190,,Fee Schedule,107.87,,105.14,122,,Fee Schedule,57.96,,182.70,212,,Fee Schedule,108.84,,182.70,212,,Fee Schedule,108.84,,182.70,212,,Fee Schedule,108.84,,182.70,212,,Fee Schedule,108.84,,189.60,220,,Fee Schedule,109.16,,124.96,145,,Fee Schedule,68.91,,124.96,145,,Fee Schedule,68.91,,124.96,145,,Fee Schedule,68.91,,124.96,145,,Fee Schedule,68.91,,124.96,145,,Fee Schedule,68.91,,124.96,145,,Fee Schedule,68.91,,124.96,145,,Fee Schedule,68.91,,198.21,230,,Fee Schedule,114.31,,198.21,230,,Fee Schedule,114.31,,198.21,230,,Fee Schedule,114.31,,198.21,230,,Fee Schedule,114.31,,86.18,100,,Fee Schedule,47.01,,87.90,102,,Fee Schedule,45.08,,86.18,100,,Fee Schedule,,,86.18,100,,Fee Schedule,47.33,,86.18,100,,Fee Schedule,47.33,,86.18,100,,Fee Schedule,47.33,,86.18,100,,Fee Schedule,47.33,,86.18,100,,Fee Schedule,47.33,,86.18,100,,Fee Schedule,47.33,,86.18,100,,Fee Schedule,47.33,,86.18,100,,Fee Schedule,47.33,,86.18,100,,Fee Schedule,47.33,,85.03,110,,Fee Schedule,51.52,,81.17,105,,Fee Schedule,51.84,,100.49,130,,Fee Schedule,48.3,,81.17,198.21,,
PR REMOVAL IMPACTED CERUMEN IRRIGATION/LVG UNILAT,69209,CPT,,,OUTPATIENT,,,96.00,80.64,37.44,220,,Fee Schedule,32.54,,37.44,220,,Fee Schedule,32.54,,37.44,220,,Fee Schedule,32.54,,37.44,220,,Fee Schedule,32.54,,37.44,220,,Fee Schedule,32.54,,37.44,220,,Fee Schedule,32.54,,32.34,190,,Fee Schedule,32.16,,20.76,122,,Fee Schedule,17.28,,36.08,212,,Fee Schedule,32.45,,36.08,212,,Fee Schedule,32.45,,36.08,212,,Fee Schedule,32.45,,36.08,212,,Fee Schedule,32.45,,37.44,220,,Fee Schedule,32.54,,24.68,145,,Fee Schedule,20.54,,24.68,145,,Fee Schedule,20.54,,24.68,145,,Fee Schedule,20.54,,24.68,145,,Fee Schedule,20.54,,24.68,145,,Fee Schedule,20.54,,24.68,145,,Fee Schedule,20.54,,24.68,145,,Fee Schedule,20.54,,39.15,230,,Fee Schedule,34.08,,39.15,230,,Fee Schedule,34.08,,39.15,230,,Fee Schedule,34.08,,39.15,230,,Fee Schedule,34.08,,17.02,100,,Fee Schedule,14.02,,17.36,102,,Fee Schedule,13.44,,17.02,100,,Fee Schedule,,,17.02,100,,Fee Schedule,14.11,,17.02,100,,Fee Schedule,14.11,,17.02,100,,Fee Schedule,14.11,,17.02,100,,Fee Schedule,14.11,,17.02,100,,Fee Schedule,14.11,,17.02,100,,Fee Schedule,14.11,,17.02,100,,Fee Schedule,14.11,,17.02,100,,Fee Schedule,14.11,,17.02,100,,Fee Schedule,14.11,,16.80,110,,Fee Schedule,15.36,,16.03,105,,Fee Schedule,15.46,,19.85,130,,Fee Schedule,14.4,,16.03,39.15,,
PR REMOVAL IMPACTED CERUMEN INSTRUMENTATION UNILAT,69210,CPT,,,OUTPATIENT,,,224.00,188.16,112.97,220,,Fee Schedule,75.94,,112.97,220,,Fee Schedule,75.94,,112.97,220,,Fee Schedule,75.94,,112.97,220,,Fee Schedule,75.94,,112.97,220,,Fee Schedule,75.94,,112.97,220,,Fee Schedule,75.94,,97.57,190,,Fee Schedule,75.04,,62.65,122,,Fee Schedule,40.32,,108.86,212,,Fee Schedule,75.71,,108.86,212,,Fee Schedule,75.71,,108.86,212,,Fee Schedule,75.71,,108.86,212,,Fee Schedule,75.71,,112.97,220,,Fee Schedule,75.94,,74.46,145,,Fee Schedule,47.94,,74.46,145,,Fee Schedule,47.94,,74.46,145,,Fee Schedule,47.94,,74.46,145,,Fee Schedule,47.94,,74.46,145,,Fee Schedule,47.94,,74.46,145,,Fee Schedule,47.94,,74.46,145,,Fee Schedule,47.94,,118.11,230,,Fee Schedule,79.52,,118.11,230,,Fee Schedule,79.52,,118.11,230,,Fee Schedule,79.52,,118.11,230,,Fee Schedule,79.52,,51.35,100,,Fee Schedule,32.70,,52.38,102,,Fee Schedule,31.36,,51.35,100,,Fee Schedule,,,51.35,100,,Fee Schedule,32.93,,51.35,100,,Fee Schedule,32.93,,51.35,100,,Fee Schedule,32.93,,51.35,100,,Fee Schedule,32.93,,51.35,100,,Fee Schedule,32.93,,51.35,100,,Fee Schedule,32.93,,51.35,100,,Fee Schedule,32.93,,51.35,100,,Fee Schedule,32.93,,51.35,100,,Fee Schedule,32.93,,50.67,110,,Fee Schedule,35.84,,48.36,105,,Fee Schedule,36.06,,59.88,130,,Fee Schedule,33.6,,48.36,118.11,,
PR CARDIOVERSION ELECTIVE ARRHYTHMIA EXTERNAL,92960,CPT,,,OUTPATIENT,,,746.00,626.64,360.54,220,,Fee Schedule,252.89,,360.54,220,,Fee Schedule,252.89,,360.54,220,,Fee Schedule,252.89,,360.54,220,,Fee Schedule,252.89,,360.54,220,,Fee Schedule,252.89,,360.54,220,,Fee Schedule,252.89,,311.37,190,,Fee Schedule,249.91,,199.93,122,,Fee Schedule,134.28,,347.43,212,,Fee Schedule,252.15,,347.43,212,,Fee Schedule,252.15,,347.43,212,,Fee Schedule,252.15,,347.43,212,,Fee Schedule,252.15,,360.54,220,,Fee Schedule,252.89,,237.63,145,,Fee Schedule,159.64,,237.63,145,,Fee Schedule,159.64,,237.63,145,,Fee Schedule,159.64,,237.63,145,,Fee Schedule,159.64,,237.63,145,,Fee Schedule,159.64,,237.63,145,,Fee Schedule,159.64,,237.63,145,,Fee Schedule,159.64,,376.92,230,,Fee Schedule,264.83,,376.92,230,,Fee Schedule,264.83,,376.92,230,,Fee Schedule,264.83,,376.92,230,,Fee Schedule,264.83,,163.88,100,,Fee Schedule,108.92,,167.16,102,,Fee Schedule,104.44,,163.88,100,,Fee Schedule,,,163.88,100,,Fee Schedule,109.66,,163.88,100,,Fee Schedule,109.66,,163.88,100,,Fee Schedule,109.66,,163.88,100,,Fee Schedule,109.66,,163.88,100,,Fee Schedule,109.66,,163.88,100,,Fee Schedule,109.66,,163.88,100,,Fee Schedule,109.66,,163.88,100,,Fee Schedule,109.66,,163.88,100,,Fee Schedule,109.66,,161.70,110,,Fee Schedule,119.36,,154.35,105,,Fee Schedule,120.11,,191.10,130,,Fee Schedule,111.9,,154.35,376.92,,
PR MOD SED SAME PHYS/QHP INITIAL 15 MINS 5/> YRS,99152,CPT,,,OUTPATIENT,,,86.00,72.24,118.12,220,,Fee Schedule,29.15,,118.12,220,,Fee Schedule,29.15,,118.12,220,,Fee Schedule,29.15,,118.12,220,,Fee Schedule,29.15,,118.12,220,,Fee Schedule,29.15,,118.12,220,,Fee Schedule,29.15,,102.01,190,,Fee Schedule,28.81,,65.50,122,,Fee Schedule,15.48,,113.82,212,,Fee Schedule,29.07,,113.82,212,,Fee Schedule,29.07,,113.82,212,,Fee Schedule,29.07,,113.82,212,,Fee Schedule,29.07,,118.12,220,,Fee Schedule,29.15,,77.85,145,,Fee Schedule,18.40,,77.85,145,,Fee Schedule,18.40,,77.85,145,,Fee Schedule,18.40,,77.85,145,,Fee Schedule,18.40,,77.85,145,,Fee Schedule,18.40,,77.85,145,,Fee Schedule,18.40,,77.85,145,,Fee Schedule,18.40,,123.49,230,,Fee Schedule,30.53,,123.49,230,,Fee Schedule,30.53,,123.49,230,,Fee Schedule,30.53,,123.49,230,,Fee Schedule,30.53,,53.69,100,,Fee Schedule,12.56,,54.76,102,,Fee Schedule,12.04,,53.69,100,,Fee Schedule,,,53.69,100,,Fee Schedule,12.64,,53.69,100,,Fee Schedule,12.64,,53.69,100,,Fee Schedule,12.64,,53.69,100,,Fee Schedule,12.64,,53.69,100,,Fee Schedule,12.64,,53.69,100,,Fee Schedule,12.64,,53.69,100,,Fee Schedule,12.64,,53.69,100,,Fee Schedule,12.64,,53.69,100,,Fee Schedule,12.64,,52.99,110,,Fee Schedule,13.76,,50.58,105,,Fee Schedule,13.85,,62.62,130,,Fee Schedule,12.9,,50.58,123.49,,
PR EMERGENCY DEPARTMENT VISIT STRAIGHTFORWARD MDM,99282,CPT,,,OUTPATIENT,,,278.00,233.52,97.70,220,,Fee Schedule,94.24,,97.70,220,,Fee Schedule,94.24,,97.70,220,,Fee Schedule,94.24,,97.70,220,,Fee Schedule,94.24,,97.70,220,,Fee Schedule,94.24,,97.70,220,,Fee Schedule,94.24,,84.38,190,,Fee Schedule,93.13,,54.18,122,,Fee Schedule,50.04,,94.15,212,,Fee Schedule,93.96,,94.15,212,,Fee Schedule,93.96,,94.15,212,,Fee Schedule,93.96,,94.15,212,,Fee Schedule,93.96,,97.70,220,,Fee Schedule,94.24,,64.39,145,,Fee Schedule,59.49,,64.39,145,,Fee Schedule,59.49,,64.39,145,,Fee Schedule,59.49,,64.39,145,,Fee Schedule,59.49,,64.39,145,,Fee Schedule,59.49,,64.39,145,,Fee Schedule,59.49,,64.39,145,,Fee Schedule,59.49,,102.14,230,,Fee Schedule,98.69,,102.14,230,,Fee Schedule,98.69,,102.14,230,,Fee Schedule,98.69,,102.14,230,,Fee Schedule,98.69,,44.41,100,,Fee Schedule,40.59,,45.30,102,,Fee Schedule,38.92,,44.41,100,,Fee Schedule,,,44.41,100,,Fee Schedule,40.87,,44.41,100,,Fee Schedule,40.87,,44.41,100,,Fee Schedule,40.87,,44.41,100,,Fee Schedule,40.87,,44.41,100,,Fee Schedule,40.87,,44.41,100,,Fee Schedule,40.87,,44.41,100,,Fee Schedule,40.87,,44.41,100,,Fee Schedule,40.87,,44.41,100,,Fee Schedule,40.87,,43.82,110,,Fee Schedule,44.48,,41.83,105,,Fee Schedule,44.76,,51.79,130,,Fee Schedule,41.7,,41.83,102.14,,
PR EMERGENCY DEPARTMENT VISIT LOW MDM,99283,CPT,,,OUTPATIENT,,,416.00,349.44,166.30,220,,Fee Schedule,141.02,,166.30,220,,Fee Schedule,141.02,,166.30,220,,Fee Schedule,141.02,,166.30,220,,Fee Schedule,141.02,,166.30,220,,Fee Schedule,141.02,,166.30,220,,Fee Schedule,141.02,,143.62,190,,Fee Schedule,139.36,,92.22,122,,Fee Schedule,74.88,,160.25,212,,Fee Schedule,140.61,,160.25,212,,Fee Schedule,140.61,,160.25,212,,Fee Schedule,140.61,,160.25,212,,Fee Schedule,140.61,,166.30,220,,Fee Schedule,141.02,,109.61,145,,Fee Schedule,89.02,,109.61,145,,Fee Schedule,89.02,,109.61,145,,Fee Schedule,89.02,,109.61,145,,Fee Schedule,89.02,,109.61,145,,Fee Schedule,89.02,,109.61,145,,Fee Schedule,89.02,,109.61,145,,Fee Schedule,89.02,,173.86,230,,Fee Schedule,147.68,,173.86,230,,Fee Schedule,147.68,,173.86,230,,Fee Schedule,147.68,,173.86,230,,Fee Schedule,147.68,,75.59,100,,Fee Schedule,60.74,,77.10,102,,Fee Schedule,58.24,,75.59,100,,Fee Schedule,,,75.59,100,,Fee Schedule,61.15,,75.59,100,,Fee Schedule,61.15,,75.59,100,,Fee Schedule,61.15,,75.59,100,,Fee Schedule,61.15,,75.59,100,,Fee Schedule,61.15,,75.59,100,,Fee Schedule,61.15,,75.59,100,,Fee Schedule,61.15,,75.59,100,,Fee Schedule,61.15,,75.59,100,,Fee Schedule,61.15,,74.59,110,,Fee Schedule,66.56,,71.20,105,,Fee Schedule,66.98,,88.15,130,,Fee Schedule,62.4,,71.20,173.86,,
PR EMERGENCY DEPARTMENT VISIT MODERATE MDM,99284,CPT,,,OUTPATIENT,,,790.00,663.60,282.96,220,,Fee Schedule,267.81,,282.96,220,,Fee Schedule,267.81,,282.96,220,,Fee Schedule,267.81,,282.96,220,,Fee Schedule,267.81,,282.96,220,,Fee Schedule,267.81,,282.96,220,,Fee Schedule,267.81,,244.38,190,,Fee Schedule,264.65,,156.92,122,,Fee Schedule,142.20,,272.67,212,,Fee Schedule,267.02,,272.67,212,,Fee Schedule,267.02,,272.67,212,,Fee Schedule,267.02,,272.67,212,,Fee Schedule,267.02,,282.96,220,,Fee Schedule,267.81,,186.50,145,,Fee Schedule,169.06,,186.50,145,,Fee Schedule,169.06,,186.50,145,,Fee Schedule,169.06,,186.50,145,,Fee Schedule,169.06,,186.50,145,,Fee Schedule,169.06,,186.50,145,,Fee Schedule,169.06,,186.50,145,,Fee Schedule,169.06,,295.83,230,,Fee Schedule,280.45,,295.83,230,,Fee Schedule,280.45,,295.83,230,,Fee Schedule,280.45,,295.83,230,,Fee Schedule,280.45,,128.62,100,,Fee Schedule,115.34,,131.19,102,,Fee Schedule,110.60,,128.62,100,,Fee Schedule,,,128.62,100,,Fee Schedule,116.13,,128.62,100,,Fee Schedule,116.13,,128.62,100,,Fee Schedule,116.13,,128.62,100,,Fee Schedule,116.13,,128.62,100,,Fee Schedule,116.13,,128.62,100,,Fee Schedule,116.13,,128.62,100,,Fee Schedule,116.13,,128.62,100,,Fee Schedule,116.13,,128.62,100,,Fee Schedule,116.13,,126.92,110,,Fee Schedule,126.40,,121.15,105,,Fee Schedule,127.19,,149.99,130,,Fee Schedule,118.5,,121.15,295.83,,
"PR CRITICAL CARE, E/M 30-74 MINUTES",99291,CPT,,,OUTPATIENT,,,1498.00,1258.32,643.24,220,,Fee Schedule,507.82,,643.24,220,,Fee Schedule,507.82,,643.24,220,,Fee Schedule,507.82,,643.24,220,,Fee Schedule,507.82,,643.24,220,,Fee Schedule,507.82,,643.24,220,,Fee Schedule,507.82,,555.52,190,,Fee Schedule,501.83,,356.70,122,,Fee Schedule,269.64,,619.85,212,,Fee Schedule,506.32,,619.85,212,,Fee Schedule,506.32,,619.85,212,,Fee Schedule,506.32,,619.85,212,,Fee Schedule,506.32,,643.24,220,,Fee Schedule,507.82,,423.95,145,,Fee Schedule,320.57,,423.95,145,,Fee Schedule,320.57,,423.95,145,,Fee Schedule,320.57,,423.95,145,,Fee Schedule,320.57,,423.95,145,,Fee Schedule,320.57,,423.95,145,,Fee Schedule,320.57,,423.95,145,,Fee Schedule,320.57,,672.47,230,,Fee Schedule,531.79,,672.47,230,,Fee Schedule,531.79,,672.47,230,,Fee Schedule,531.79,,672.47,230,,Fee Schedule,531.79,,292.38,100,,Fee Schedule,218.71,,298.23,102,,Fee Schedule,209.72,,292.38,100,,Fee Schedule,,,292.38,100,,Fee Schedule,220.21,,292.38,100,,Fee Schedule,220.21,,292.38,100,,Fee Schedule,220.21,,292.38,100,,Fee Schedule,220.21,,292.38,100,,Fee Schedule,220.21,,292.38,100,,Fee Schedule,220.21,,292.38,100,,Fee Schedule,220.21,,292.38,100,,Fee Schedule,220.21,,292.38,100,,Fee Schedule,220.21,,288.50,110,,Fee Schedule,239.68,,275.38,105,,Fee Schedule,241.18,,340.95,130,,Fee Schedule,224.7,,275.38,672.47,,
